Symbol,Security Name
A,"Agilent Technologies, Inc. Common Stock"
AA,Alcoa Corporation Common Stock 
AADX,"Applied Aerospace & Defense, Inc. Common Stock"
AAMI,Acadian Asset Management Inc. Common Stock
AAT,"American Assets Trust, Inc. Common Stock"
ABBV,AbbVie Inc. Common Stock
ABCB,Ameris Bancorp Common Stock
ABG,Asbury Automotive Group Inc Common Stock
ABM,ABM Industries Incorporated Common Stock
ABR,Arbor Realty Trust Common Stock
ABT,Abbott Laboratories Common Stock
ABX,"Abacus Global Management, Inc. Class A Common Stock"
ACA,"Arcosa, Inc. Common Stock "
ACCO,Acco Brands Corporation Common Stock
ACH,"Accendra Health, Inc. Common Stock"
ACHR,Archer Aviation Inc. Class A Common Stock
ACI,"Albertsons Companies, Inc. Class A Common Stock"
ACM,AECOM Common Stock
ACR,ACRES Commercial Realty Corp. Common Stock
ACRE,Ares Commercial Real Estate Corporation Common Stock
ACVA,ACV Auctions Inc. Class A Common Stock
ADC,Agree Realty Corporation Common Stock
ADT,ADT Inc. Common Stock
AEE,Ameren Corporation Common Stock
AEM,Agnico Eagle Mines Limited Common Stock
AEO,"American Eagle Outfitters, Inc. Common Stock"
AES,The AES Corporation Common Stock
AESI,Atlas Energy Solutions Inc. Common Stock
AFG,"American Financial Group, Inc. Common Stock"
AFL,AFLAC Incorporated Common Stock
AGCO,AGCO Corporation Common Stock
AGL,"agilon health, inc. Common Stock"
AGM,Federal Agricultural Mortgage Corporation Common Stock
AGM-A,Federal Agricultural Mortgage Corporation Common Stock
AGO,Assured Guaranty Ltd. Common Stock
AGX,"Argan, Inc. Common Stock"
AHR,"American Healthcare REIT, Inc. Common Stock"
AHRT,"AH Realty Trust, Inc. Common Stock"
AHT,Ashford Hospitality Trust Inc Common Stock
AI,"C3.ai, Inc. Class A Common Stock"
AIG,"American International Group, Inc. New Common Stock"
AII,"American Integrity Insurance Group, Inc. Common Stock"
AIN,Albany International Corporation Common Stock
AIR,AAR Corp. Common Stock
AIT,"Applied Industrial Technologies, Inc. Common Stock"
AIV,Apartment Investment and Management Company Common Stock
AIZ,"Assurant, Inc. Common Stock"
AJG,Arthur J. Gallagher & Co. Common Stock
AKA,a.k.a. Brands Holding Corp. Common Stock
AKO-A,Embotelladora Andina S.A. Common Stock
AKO-B,Embotelladora Andina S.A. Common Stock
AKR,Acadia Realty Trust Common Stock
ALB,Albemarle Corporation Common Stock
ALG,"Alamo Group, Inc. Common Stock"
ALH,Alliance Laundry Holdings Inc. Common Stock
ALIT,"Alight, Inc. Class A Common Stock"
ALK,"Alaska Air Group, Inc. Common Stock"
ALL,Allstate Corporation (The) Common Stock
ALLY,Ally Financial Inc. Common Stock
ALSN,"Allison Transmission Holdings, Inc. Common Stock"
ALTG,Alta Equipment Group Inc. Class A Common Stock
ALV,"Autoliv, Inc. Common Stock"
ALX,"Alexander's, Inc. Common Stock"
AM,Antero Midstream Corporation Common Stock
AMBQ,"Ambiq Micro, Inc. Common Stock"
AMC,"AMC Entertainment Holdings, Inc. Class A Common Stock"
AMG,"Affiliated Managers Group, Inc. Common Stock"
AMP,"Ameriprise Financial, Inc. Common Stock"
AMPX,"Amprius Technologies, Inc. Common Stock"
AMPY,Amplify Energy Corp. Common Stock
AMR,"Alpha Metallurgical Resources, Inc. Common Stock"
AMRC,"Ameresco, Inc. Class A Common Stock"
AMT,American Tower Corporation (REIT) Common Stock
AMTB,Amerant Bancorp Inc. Class A Common Stock
AMTM,"Amentum Holdings, Inc. Common Stock"
AMWL,American Well Corporation Class A Common Stock
AN,"AutoNation, Inc. Common Stock"
ANDG,Andersen Group Inc. Class A Common Stock
ANET,"Arista Networks, Inc. Common Stock"
ANF,Abercrombie & Fitch Company Common Stock
ANGX,"Angel Studios, Inc. Class A Common Stock"
ANRO,"Alto Neuroscience, Inc. Common Stock"
ANVS,"Annovis Bio, Inc. Common Stock"
AOMR,"Angel Oak Mortgage REIT, Inc. Common Stock"
AORT,"Artivion, Inc. Common Stock"
AOS,A.O. Smith Corporation Common Stock
APAM,Artisan Partners Asset Management Inc. Class A Common Stock
APD,"Air Products and Chemicals, Inc. Common Stock"
APG,APi Group Corporation Common Stock
APH,Amphenol Corporation Common Stock
APO,"Apollo Global Management, Inc. (New) Common Stock"
AR,Antero Resources Corporation Common Stock
ARDT,"Ardent Health, Inc. Common Stock"
ARE,"Alexandria Real Estate Equities, Inc. Common Stock"
ARES,Ares Management Corporation Class A Common Stock
ARL,"American Realty Investors, Inc. Common Stock"
ARLO,"Arlo Technologies, Inc. Common Stock"
ARMK,Aramark Common Stock
AROC,"Archrock, Inc. Common Stock"
ARW,"Arrow Electronics, Inc. Common Stock"
ASAN,"Asana, Inc. Class A Common Stock"
ASC,Ardmore Shipping Corporation Common Stock
ASH,Ashland Inc. Common Stock
ASIC,Ategrity Specialty Insurance Company Holdings Common Stock
ASIX,AdvanSix Inc. Common Stock 
ASPN,"Aspen Aerogels, Inc. Common Stock"
ASR,"Grupo Aeroportuario del Sureste, S.A. de C.V. Common Stock"
ATEN,"A10 Networks, Inc. Common Stock"
ATI,ATI Inc. Common Stock
ATKR,Atkore Inc. Common Stock
ATMU,Atmus Filtration Technologies Inc. Common Stock
ATO,Atmos Energy Corporation Common Stock
ATR,"AptarGroup, Inc. Common Stock"
AUB,Atlantic Union Bankshares Corporation Common Stock
AVA,Avista Corporation Common Stock
AVB,"AvalonBay Communities, Inc. Common Stock"
AVBC,"Avidia Bancorp, Inc. Common Stock"
AVD,American Vanguard Corporation Common Stock ($0.10 Par Value)
AVEX,AEVEX Corp. Class A Common Stock
AVNS,"Avanos Medical, Inc. Common Stock"
AVNT,Avient Corporation Common Stock
AVTR,"Avantor, Inc. Common Stock"
AVY,Avery Dennison Corporation Common Stock
AWI,Armstrong World Industries Inc Common Stock
AWK,"American Water Works Company, Inc. Common Stock"
AWR,American States Water Company Common Stock
AX,"Axos Financial, Inc. Common Stock"
AXP,American Express Company Common Stock
AXR,AMREP Corporation Common Stock
AXS,Axis Capital Holdings Limited Common Stock
AYI,Acuity Inc. Common Stock
AZO,"AutoZone, Inc. Common Stock"
BA,Boeing Company (The) Common Stock
BAC,Bank of America Corporation Common Stock
BAH,Booz Allen Hamilton Holding Corporation Common Stock
BALL,Ball Corporation Common Stock
BALY,Bally's Corporation Common Stock
BANC,"Banc of California, Inc. Common Stock"
BAP,Credicorp Ltd. Common Stock
BARK,"BARK, Inc. Class A Common Stock"
BAX,Baxter International Inc. Common Stock
BB,BlackBerry Limited Common Stock
BBAI,"BigBear.ai, Inc. Common Stock"
BBBY,"Bed Bath & Beyond, Inc. Common Stock"
BBDC,"Barings BDC, Inc. Common Stock"
BBT,Beacon Financial Corporation Common stock
BBVA,Banco Bilbao Vizcaya Argentaria S.A. Common Stock
BBY,"Best Buy Co., Inc. Common Stock"
BC,Brunswick Corporation Common Stock
BCC,"Boise Cascade, L.L.C. Common Stock"
BCE,"BCE, Inc. Common Stock"
BCO,Brinks Company (The) Common Stock
BCS,Barclays PLC Common Stock
BCSF,"Bain Capital Specialty Finance, Inc. Common Stock"
BDC,Belden Inc Common Stock
BDN,Brandywine Realty Trust Common Stock
BDX,"Becton, Dickinson and Company Common Stock"
BE,Bloom Energy Corporation Class A Common Stock
BEN,"Franklin Resources, Inc. Common Stock"
BETA,"Beta Technologies, Inc. Class A Common Stock"
BF-A,Brown Forman Inc Class A Common Stock
BF-B,Brown Forman Inc Class B Common Stock
BFAM,Bright Horizons Family Solutions Inc. Common Stock
BFH,"Bread Financial Holdings, Inc. Common Stock"
BFLY,"Butterfly Network, Inc. Class A Common Stock"
BFS,"Saul Centers, Inc. Common Stock"
BGS,"B&G Foods, Inc. Common Stock"
BGSF,"BGSF, Inc. Common Stock"
BH,Biglari Holdings Inc. Class B Common Stock
BH-A,Biglari Holdings Inc. Class A Common Stock
BHC,Bausch Health Companies Inc. Common Stock
BHE,"Benchmark Electronics, Inc. Common Stock"
BHR,Braemar Hotels & Resorts Inc. Common Stock
BILL,"BILL Holdings, Inc. Common Stock"
BJ,"BJ's Wholesale Club Holdings, Inc. Common Stock"
BKD,Brookdale Senior Living Inc. Common Stock
BKE,"Buckle, Inc. (The) Common Stock"
BKH,Black Hills Corporation Common Stock
BKKT,"Bakkt, Inc. Class A Common Stock"
BKSY,BlackSky Technology Inc. Class A Common Stock
BKU,"BankUnited, Inc. Common Stock"
BKV,BKV Corporation Common Stock
BLD,TopBuild Corp. Common Stock
BLDR,"Builders FirstSource, Inc. Common Stock"
BLK,"BlackRock, Inc. Common Stock"
BLND,"Blend Labs, Inc. Class A Common Stock"
BMI,"Badger Meter, Inc. Common Stock"
BMNR,"BitMine Immersion Technologies, Inc. Common Stock"
BMO,Bank Of Montreal Common Stock
BNED,"Barnes & Noble Education, Inc Common Stock"
BNL,"Broadstone Net Lease, Inc. Common Stock"
BNY,The Bank of New York Mellon Corporation Common Stock
BOBS,"Bob's Discount Furniture, Inc. Common Stock"
BOC,Boston Omaha Corporation Class A Common Stock
BOH,Bank of Hawaii Corporation Common Stock
BOOT,"Boot Barn Holdings, Inc. Common Stock"
BOW,Bowhead Specialty Holdings Inc. Common Stock
BOX,"Box, Inc. Class A Common Stock"
BP,BP p.l.c. Common Stock
BR,"Broadridge Financial Solutions, Inc. Common Stock"
BRBR,"BellRing Brands, Inc. Common Stock "
BRC,Brady Corporation Common Stock
BRCC,BRC Inc. Class A Common Stock
BRK-A,Berkshire Hathaway Inc. Common Stock
BRK-B,Berkshire Hathaway Inc. New Common Stock
BRO,"Brown & Brown, Inc. Common Stock"
BROS,Dutch Bros Inc. Class A Common Stock
BRSP,"BrightSpire Capital, Inc. Class A Common Stock"
BRT,BRT Apartments Corp. (MD) Common Stock
BRX,Brixmor Property Group Inc. Common Stock
BSX,Boston Scientific Corporation Common Stock
BTGO,"BitGo Holdings, Inc. Class A Common Stock"
BTI,"British American Tobacco  Industries, p.l.c. Common Stock ADR"
BTO,John Hancock Financial Opportunities Fund Common Stock
BTU,Peabody Energy Corporation Common Stock 
BURL,"Burlington Stores, Inc. Common Stock"
BV,"BrightView Holdings, Inc. Common Stock"
BW,"Babcock & Wilcox Enterprises, Inc. Common Stock"
BWA,BorgWarner Inc. Common Stock
BWXT,"BWX Technologies, Inc. Common Stock"
BX,Blackstone Inc. Common Stock
BXC,Bluelinx Holdings Inc. Common Stock
BXDC,Blackstone Digital Infrastructure Trust Inc. Common Stock
BXMT,"Blackstone Mortgage Trust, Inc. Common Stock"
BXP,"BXP, Inc. Common Stock"
BY,"Byline Bancorp, Inc. Common Stock"
BYD,Boyd Gaming Corporation Common Stock
BZH,"Beazer Homes USA, Inc. Common Stock"
C,"Citigroup, Inc. Common Stock"
CABO,"Cable One, Inc. Common Stock"
CACI,"CACI International, Inc. Class A Common Stock"
CAF,Morgan Stanley China A Share Fund Inc. Common Stock
CAG,"ConAgra Brands, Inc. Common Stock"
CAH,"Cardinal Health, Inc. Common Stock"
CAL,"Caleres, Inc. Common Stock"
CALX,"Calix, Inc Common Stock"
CALY,Callaway Golf Company Common Stock
CARR,Carrier Global Corporation Common Stock 
CARS,Cars.com Inc. Common Stock 
CAT,"Caterpillar, Inc. Common Stock"
CATO,Cato Corporation (The) Class A Common Stock
CAVA,"CAVA Group, Inc. Common Stock"
CB,Chubb Limited  Common Stock
CBAN,"Colony Bankcorp, Inc. Common Stock"
CBL,"CBL & Associates Properties, Inc. Common Stock"
CBNA,"Chain Bridge Bancorp, Inc. Class A Common Stock"
CBRE,CBRE Group Inc Common Stock Class A
CBT,Cabot Corporation Common Stock
CBU,"Community Financial System, Inc. Common Stock"
CBZ,"CBIZ, Inc. Common Stock"
CC,Chemours Company (The) Common Stock
CCI,Crown Castle Inc. Common Stock
CCJ,Cameco Corporation Common Stock
CCO,"Clear Channel Outdoor Holdings, Inc. Common Stock"
CCS,"Century Communities, Inc. Common Stock"
CCU,"Compania Cervecerias Unidas, S.A. Common Stock"
CDE,"Coeur Mining, Inc. Common Stock"
CDRE,"Cadre Holdings, Inc. Common Stock"
CE,Celanese Corporation Common Stock
CEE,"The Central and Eastern Europe Fund, Inc. (The) Common Stock"
CF,"CF Industries Holdings, Inc. Common Stock"
CFG,"Citizens Financial Group, Inc. Common Stock"
CFND,C1 Fund Inc. Common Stock
CFR,"Cullen/Frost Bankers, Inc. Common Stock"
CHCT,Community Healthcare Trust Incorporated Common Stock
CHD,"Church & Dwight Company, Inc. Common Stock"
CHGG,"Chegg, Inc. Common Stock"
CHH,"Choice Hotels International, Inc. Common Stock"
CHMI,Cherry Hill Mortgage Investment Corporation Common Stock
CHPT,"ChargePoint Holdings, Inc. Common Stock"
CHWY,"Chewy, Inc. Class A Common Stock"
CI,The Cigna Group Common Stock
CIA,"Citizens, Inc. Class A Common Stock ($1.00 Par)"
CIEN,Ciena Corporation Common Stock
CIF,MFS Intermediate High Income Fund Common Stock
CII,"BlackRock Enhanced Large Cap Core Fund, Inc. Common Stock"
CIM,Chimera Investment Corporation Common Stock
CION,CION Investment Corporation Common Stock
CLB,Core Laboratories Inc. Common Stock
CLH,"Clean Harbors, Inc. Common Stock"
CLPR,Clipper Realty Inc. Common Stock
CLS,"Celestica, Inc. Common Stock"
CLW,Clearwater Paper Corporation Common Stock
CLX,Clorox Company (The) Common Stock
CM,Canadian Imperial Bank of Commerce Common Stock
CMC,Commercial Metals Company Common Stock
CMDB,Costamare Bulkers Holdings Limited Common Stock
CMG,"Chipotle Mexican Grill, Inc. Common Stock"
CMI,Cummins Inc. Common Stock
CMP,Compass Minerals Intl Inc Common Stock
CMRE,Costamare Inc. Common Stock $0.0001 par value
CMS,CMS Energy Corporation Common Stock
CMTG,"Claros Mortgage Trust, Inc. Common Stock"
CMU,MFS Municipal Income Trust Common Stock
CNA,CNA Financial Corporation Common Stock
CNC,Centene Corporation Common Stock
CNI,Canadian National Railway Company Common Stock
CNK,"Cinemark Holdings Inc Cinemark Holdings, Inc. Common Stock"
CNM,"Core & Main, Inc. Class A Common Stock"
CNMD,CONMED Corporation Common Stock
CNNE,"Cannae Holdings, Inc. Common Stock"
CNO,"CNO Financial Group, Inc. Common Stock"
CNP,"CenterPoint Energy, Inc (Holding Co) Common Stock"
CNQ,Canadian Natural Resources Limited Common Stock
CNR,"Core Natural Resources, Inc. Common Stock"
CNS,Cohen & Steers Inc Common Stock
CNX,CNX Resources Corporation Common Stock
COF,Capital One Financial Corporation Common Stock
COHR,Coherent Corp. Common Stock
COLD,"Americold Realty Trust, Inc. Common Stock"
COMP,"Compass, Inc. Class A Common Stock"
CON,"Concentra Group Holdings Parent, Inc. Common Stock"
COOK,"Traeger, Inc. Common Stock"
COP,ConocoPhillips Common Stock
COR,"Cencora, Inc. Common Stock"
COSO,"CoastalSouth Bancshares, Inc. Common Stock"
COTY,Coty Inc. Class A Common Stock
COUR,"Coursera, Inc. Common Stock"
CPA,"Copa Holdings, S.A. Class A Common Stock"
CPAY,"Corpay, Inc. Common Stock"
CPK,Chesapeake Utilities Corporation Common Stock
CPNG,"Coupang, Inc. Class A Common Stock"
CPT,Camden Property Trust Common Stock
CR,Crane Company Common Stock
CRBG,Corebridge Financial Inc. Common Stock
CRC,California Resources Corporation Common Stock
CRCL,"Circle Internet Group, Inc. Class A Common Stock"
CRD-A,Crawford & Company Common Stock
CRD-B,Crawford & Company Common Stock
CRGY,Crescent Energy Company Class A Common Stock
CRI,"Carter's, Inc. Common Stock"
CRK,"Comstock Resources, Inc. Common Stock"
CRL,"Charles River Laboratories International, Inc. Common Stock"
CRM,"Salesforce, Inc. Common Stock"
CRS,Carpenter Technology Corporation Common Stock
CRT,Cross Timbers Royalty Trust Common Stock
CSL,Carlisle Companies Incorporated Common Stock
CSR,D/B/A Centerspace Common Stock
CSV,"Carriage Services, Inc. Common Stock"
CSW,"CSW Industrials, Inc. Common Stock"
CTEV,Claritev Corporation Class A Common Stock
CTO,"CTO Realty Growth, Inc. Common Stock"
CTOS,"Custom Truck One Source, Inc. Common Stock"
CTRE,"CareTrust REIT, Inc. Common Stock"
CTRI,"Centuri Holdings, Inc. Common Stock"
CTS,CTS Corporation Common Stock
CTVA,"Corteva, Inc. Common Stock "
CUBI,"Customers Bancorp, Inc Common Stock"
CURB,Curbline Properties Corp. Common Stock
CURV,Torrid Holdings Inc. Common Stock
CUZ,Cousins Properties Incorporated Common Stock
CVE,Cenovus Energy Inc Common Stock
CVI,CVR Energy Inc. Common Stock
CVLG,"Covenant Logistics Group, Inc. Class A Common Stock"
CVNA,Carvana Co. Class A Common Stock
CVS,CVS Health Corporation Common Stock
CVX,Chevron Corporation Common Stock
CWAN,"Clearwater Analytics Holdings, Inc. Class A Common Stock"
CWEN,"Clearway Energy, Inc. Class C Common Stock"
CWH,"Camping World Holdings, Inc. Class A Common Stock"
CWT,California Water Service Group Common Stock
CXE,MFS High Income Municipal Trust Common Stock
CXH,MFS Investment Grade Municipal Trust Common Stock
CXM,"Sprinklr, Inc. Class A Common Stock"
CXT,"Crane NXT, Co. Common Stock"
CXW,"CoreCivic, Inc. Common Stock"
CYD,China Yuchai International Limited Common Stock
CYH,"Community Health Systems, Inc. Common Stock"
D,"Dominion Energy, Inc. Common Stock"
DAC,Danaos Corporation Common Stock
DAL,"Delta Air Lines, Inc. Common Stock"
DAN,Dana Incorporated Common Stock 
DAR,Darling Ingredients Inc. Common Stock
DB,Deutsche Bank AG Common Stock
DBD,Diebold Nixdorf Incorporated Common stock
DBI,Designer Brands Inc. Class A Common Stock
DCH,Dauch Corporation Common Stock
DCI,"Donaldson Company, Inc. Common Stock"
DCO,Ducommun Incorporated Common Stock
DCOM,"Dime Commercial Bancshares, Inc. Common Stock"
DD,"DuPont de Nemours, Inc. Common Stock"
DDD,3D Systems Corporation Common Stock
DDS,"Dillard's, Inc. Common Stock"
DE,Deere & Company Common Stock
DEA,"Easterly Government Properties, Inc. Common Stock"
DEC,Diversified Energy Company Common Stock
DECK,Deckers Outdoor Corporation Common Stock
DEI,"Douglas Emmett, Inc. Common Stock"
DELL,Dell Technologies Inc. Class C Common Stock 
DEO,Diageo plc Common Stock
DFH,"Dream Finders Homes, Inc. Class A Common Stock"
DFIN,"Donnelley Financial Solutions, Inc. Common Stock "
DG,Dollar General Corporation Common Stock
DGX,Quest Diagnostics Incorporated Common Stock
DHF,BNY Mellon High Yield Strategies Fund Common Stock
DHI,"D.R. Horton, Inc. Common Stock"
DHR,Danaher Corporation Common Stock
DHX,"DHI Group, Inc. Common Stock"
DIN,"Dine Brands Global, Inc. Common Stock"
DINO,HF Sinclair Corporation Common Stock
DIS,Walt Disney Company (The) Common Stock
DK,"Delek US Holdings, Inc. Common Stock"
DKS,Dick's Sporting Goods Inc Common Stock
DLB,Dolby Laboratories Common Stock
DLR,"Digital Realty Trust, Inc. Common Stock"
DLX,Deluxe Corporation Common Stock
DMB,"BNY Mellon Municipal Bond Infrastructure Fund, Inc. Common Stock"
DMO,Western Asset Mortgage Opportunity Fund Inc. Common Stock
DNA,"Ginkgo Bioworks Holdings, Inc. Class A Common Stock"
DNOW,DNOW Inc. Common Stock
DNP,"DNP Select Income Fund, Inc. Common Stock"
DOC,"Healthpeak Properties, Inc. Common Stock"
DOCN,"DigitalOcean Holdings, Inc. Common Stock"
DOCS,"Doximity, Inc. Class A Common Stock"
DOUG,Douglas Elliman Inc. Common Stock
DOV,Dover Corporation Common Stock
DOW,Dow Inc. Common Stock 
DRI,"Darden Restaurants, Inc. Common Stock"
DSM,"BNY Mellon Strategic Municipal Bond Fund, Inc. Common Stock"
DSU,"Blackrock Debt Strategies Fund, Inc. Common Stock"
DSX,Diana Shipping inc. common stock
DT,"Dynatrace, Inc. Common Stock"
DTE,DTE Energy Company Common Stock
DTM,"DT Midstream, Inc. Common Stock "
DUK,Duke Energy Corporation (Holding Company) Common Stock
DV,"DoubleVerify Holdings, Inc. Common Stock"
DVA,DaVita Inc. Common Stock
DVN,Devon Energy Corporation Common Stock
DX,"Dynex Capital, Inc. Common Stock"
DXC,DXC Technology Company Common Stock 
DXYZ,Destiny Tech100 Inc. Common Stock
DY,"Dycom Industries, Inc. Common Stock"
E,ENI S.p.A. Common Stock
EAF,GrafTech International Ltd. Common Stock
EAT,"Brinker International, Inc. Common Stock"
EBF,"Ennis, Inc. Common Stock"
EBS,Emergent BioSolutions Inc. Common Stock
ECG,"Everus Construction Group, Inc. Common Stock"
ECL,Ecolab Inc. Common Stock
ECO,Okeanis Eco Tankers Corp. Common Stock
ECVT,Ecovyst Inc. Common Stock
ED,"Consolidated Edison, Inc. Common Stock"
EDD,"Morgan Stanley Emerging Markets Domestic Debt Fund, Inc. Common Stock"
EE,"Excelerate Energy, Inc. Class A Common Stock"
EEA,"The European Equity Fund, Inc. Common Stock"
EEX,"Emerald Holding, Inc. Common Stock"
EFC,Ellington Financial Inc. Common Stock 
EFOR,"Everforth, Inc. Common Stock"
EFX,"Equifax, Inc. Common Stock"
EG,"Everest Group, Ltd. Common Stock"
EGP,"EastGroup Properties, Inc. Common Stock"
EGY,"VAALCO Energy, Inc.  Common Stock"
EHC,Encompass Health Corporation Common Stock
EHI,Western Asset Global High Income Fund Inc Common Stock
EIC,Eagle Point Income Company Inc. Common Stock
EIG,Employers Holdings Inc Common Stock
EIX,Edison International Common Stock
EL,"Estee Lauder Companies, Inc. (The) Common Stock"
ELAN,Elanco Animal Health Incorporated Common Stock
ELF,"e.l.f. Beauty, Inc. Common Stock"
ELME,Elme Communities Common Stock
ELS,"Equity Lifestyle Properties, Inc. Common Stock"
ELV,"Elevance Health, Inc. Common Stock"
EMBJ,Embraer S.A. Common Stock
EMD,Western Asset Emerging Markets Debt Fund Inc Common Stock
EME,"EMCOR Group, Inc. Common Stock"
EMF,Templeton Emerging Markets Fund Common Stock
EMN,Eastman Chemical Company Common Stock
EMO,ClearBridge Energy Midstream Opportunity Fund Inc. Common Stock
EMR,Emerson Electric Company Common Stock
ENB,Enbridge Inc Common Stock
ENHA,Enhanced Group Inc. Class A Common Stock
ENIC,Enel Chile S.A. American Depositary Shares (Each representing 50 shares of Common Stock)
ENOV,Enovis Corporation Common Stock
ENR,"Energizer Holdings, Inc. Common Stock"
ENS,EnerSys Common Stock
ENVA,"Enova International, Inc. Common Stock"
EOG,"EOG Resources, Inc. Common Stock"
EOS,Eaton Vance Enhance Equity Income Fund II Common Stock
EPAC,Enerpac Tool Group Corp. Common Stock
EPAM,"EPAM Systems, Inc. Common Stock"
EPC,Edgewell Personal Care Company Common Stock
EPD,Enterprise Products Partners L.P. Common Stock
EPR,EPR Properties Common Stock
EPRT,"Essential Properties Realty Trust, Inc. Common Stock"
EQBK,"Equity Bancshares, Inc. Class A Common Stock"
EQH,"Equitable Holdings, Inc. Common Stock"
EQS,"Equus Total Return, Inc. Common Stock"
EQT,EQT Corporation Common Stock
ES,Eversource Energy (D/B/A) Common Stock
ESAB,ESAB Corporation Common Stock
ESE,ESCO Technologies Inc. Common Stock
ESI,Element Solutions Inc. Common Stock
ESRT,"Empire State Realty Trust, Inc. Class A Common Stock"
ESS,"Essex Property Trust, Inc. Common Stock"
ETD,Ethan Allen Interiors Inc. Common Stock
ETR,Entergy Corporation Common Stock
ETSY,"Etsy, Inc. Common Stock"
EVC,Entravision Communications Corporation Common Stock
EVEX,"Eve Holding, Inc. Common Stock"
EVF,Eaton Vance Senior Income Trust Common Stock
EVH,"Evolent Health, Inc Class A Common Stock"
EVMN,"Evommune, Inc. Common Stock"
EVN,Eaton Vance Municipal Income Trust Common Stock
EVR,Evercore Inc. Class A Common Stock
EVTC,"Evertec, Inc. Common Stock"
EW,Edwards Lifesciences Corporation Common Stock
EXP,Eagle Materials Inc Common Stock
EXPD,"Expeditors International of Washington, Inc. Common Stock"
EXR,Extra Space Storage Inc Common Stock
F,Ford Motor Company Common Stock
FAF,First American Corporation (New) Common Stock
FBIN,"Fortune Brands Innovations, Inc. Common Stock"
FBK,FB Financial Corporation Common Stock
FBP,First BanCorp. New Common Stock
FBRT,"Franklin BSP Realty Trust, Inc. Common Stock"
FC,Franklin Covey Company Common Stock
FCF,First Commonwealth Financial Corporation Common Stock
FCN,"FTI Consulting, Inc. Common Stock"
FCPT,"Four Corners Property Trust, Inc. Common Stock"
FDP,"Fresh Del Monte Produce, Inc. Common Stock"
FDS,FactSet Research Systems Inc. Common Stock
FDX,FedEx Corporation Common Stock
FDXF,"FedEx Freight Holding Company, Inc. Common Stock"
FE,FirstEnergy Corp. Common Stock
FERG,Ferguson Enterprises Inc. Common Stock
FET,"Forum Energy Technologies, Inc. Common Stock"
FG,"F&G Annuities & Life, Inc. Common Stock"
FHI,"Federated Hermes, Inc. Common Stock"
FHN,First Horizon Corporation Common Stock
FICO,Fair Isaac Corporation Common Stock
FIG,"Figma, Inc. Class A Common Stock"
FIGS,"FIGS, Inc. Class A Common Stock"
FIS,"Fidelity National Information Services, Inc. Common Stock"
FIX,"Comfort Systems USA, Inc. Common Stock"
FLC,Flaherty & Crumrine Total Return Fund Inc Common Stock
FLG,"Flagstar Bank, N.A. Common Stock"
FLO,"Flowers Foods, Inc. Common Stock"
FLOC,Flowco Holdings Inc. Class A Common Stock
FLR,Fluor Corporation Common Stock
FLS,Flowserve Corporation Common Stock
FMC,FMC Corporation Common Stock
FMX,Fomento Economico Mexicano S.A.B. de C.V. Common Stock
FNB,F.N.B. Corporation Common Stock
FND,"Floor & Decor Holdings, Inc. Common Stock"
FNF,"Fidelity National Financial, Inc. Common Stock"
FOA,Finance of America Companies Inc. Class A Common Stock
FOR,Forestar Group Inc Common Stock 
FOUR,"Shift4 Payments, Inc. Class A Common Stock"
FPI,Farmland Partners Inc. Common Stock
FPS,"Forgent Power Solutions, Inc. Class A Common Stock"
FR,"First Industrial Realty Trust, Inc. Common Stock"
FRA,Blackrock Floating Rate Income Strategies Fund Inc  Common Stock
FRT,Federal Realty Investment Trust Common Stock
FSCO,FS Credit Opportunities Corp. Common Stock
FSK,FS KKR Capital Corp. Common Stock
FSS,Federal Signal Corporation Common Stock
FT,Franklin Universal Trust Common Stock
FTHY,First Trust High Yield Opportunities 2027 Term Fund Common Stock
FTK,"Flotek Industries, Inc. Common Stock"
FTV,Fortive Corporation Common Stock 
FTW,Presidio Production Company Class A Common Stock
FUBO,FuboTV Inc. Class A Common Stock
FUL,H. B. Fuller Company Common Stock
FUN,Six Flags Entertainment Corporation Common Stock New
FVR,"FrontView REIT, Inc. Common Stock"
G,Genpact Limited Common Stock
GAB,"Gabelli Equity Trust, Inc. (The) Common Stock"
GAM,"General American Investors, Inc. Common Stock"
GAP,"Gap, Inc. (The) Common Stock"
GATX,GATX Corporation Common Stock
GBCI,"Glacier Bancorp, Inc. Common Stock"
GBTG,"Global Business Travel Group, Inc. Class A Common Stock"
GBX,"Greenbrier Companies, Inc. (The) Common Stock"
GCO,Genesco Inc. Common Stock
GCTS,"GCT Semiconductor Holding, Inc. Common Stock"
GCV,"Gabelli Convertible and Income Securities Fund, Inc. (The) Common Stock"
GD,General Dynamics Corporation Common Stock
GDDY,GoDaddy Inc. Class A Common Stock
GDO,Western Asset Global Corporate Opportunity Fund Inc. Common Stock
GDOT,"Green Dot Corporation Class A Common Stock, $0.001 par value"
GE,GE Aerospace Common Stock
GEF,Greif Inc. Class A Common Stock
GEF-B,"Greif, Inc. Corporation Class B Common Stock"
GETY,"Getty Images Holdings, Inc. Class A Common Stock"
GEV,GE Vernova Inc. Common Stock
GF,"New Germany Fund, Inc. (The) Common Stock"
GFF,Griffon Corporation Common Stock
GGB,Gerdau S.A. Common Stock
GGG,Graco Inc. Common Stock
GHC,Graham Holdings Company Common Stock
GHM,Graham Corporation Common Stock
GIB,CGI Inc. Common Stock
GIC,Global Industrial Company Common Stock
GIL,"Gildan Activewear, Inc. Class A Sub. Vot. Common Stock"
GIS,"General Mills, Inc. Common Stock"
GKOS,Glaukos Corporation Common Stock
GL,Globe Life Inc. Common Stock
GLW,Corning Incorporated Common Stock
GM,General Motors Company Common Stock
GME,GameStop Corporation Common Stock
GMED,"Globus Medical, Inc. Class A Common Stock"
GMRS,GMR Solutions Inc. Class A Common Stock
GNE,Genie Energy Ltd. Class B Common Stock Stock
GNL,"Global Net Lease, Inc. Common Stock"
GNRC,Generac Holdlings Inc. Common Stock
GNW,Genworth Financial Inc Common Stock
GOLD,"Gold.com, Inc. Common Stock"
GOLF,Acushnet Holdings Corp. Common Stock
GPC,Genuine Parts Company Common Stock
GPGI,"GPGI, Inc. Class A Common Stock"
GPI,"Group 1 Automotive, Inc. Common Stock"
GPMT,Granite Point Mortgage Trust Inc. Common Stock
GPN,Global Payments Inc. Common Stock
GRBK,"Green Brick Partners, Inc. Common Stock"
GRDN,"Guardian Pharmacy Services, Inc. Class A Common Stock"
GRMN,Garmin Ltd. Common Stock (Switzerland)
GRND,Grindr Inc. Common Stock
GRNT,"Granite Ridge Resources, Inc. Common Stock"
GROV,"Grove Collaborative Holdings, Inc. Class A Common Stock"
GS,"Goldman Sachs Group, Inc. (The) Common Stock"
GSBD,"Goldman Sachs BDC, Inc. Common Stock"
GTLS,"Chart Industries, Inc. Common Stock"
GTN,"Gray Media, Inc. Common Stock"
GTN-A,"Gray Media, Inc. Class A Common Stock"
GTY,Getty Realty Corporation Common Stock
GUT,Gabelli Utility Trust (The) Common Stock
GVA,Granite Construction Incorporated Common Stock
GWH,"ESS Tech, Inc. Common Stock"
GWRE,"Guidewire Software, Inc. Common Stock"
GWW,"W.W. Grainger, Inc. Common Stock"
GXO,"GXO Logistics, Inc. Common Stock "
H,Hyatt Hotels Corporation Class A Common Stock
HAE,Haemonetics Corporation Common Stock
HAL,Halliburton Company Common Stock
HASI,"HA Sustainable Infrastructure Capital, Inc. Common Stock"
HAWK,"HawkEye 360, Inc. Common Stock"
HAYW,"Hayward Holdings, Inc. Common Stock"
HBB,Hamilton Beach Brands Holding Company Class A Common Stock 
HCA,"HCA Healthcare, Inc. Common Stock"
HCC,"Warrior Met Coal, Inc. Common Stock"
HCI,"HCI Group, Inc. Common Stock"
HD,"Home Depot, Inc. (The) Common Stock"
HDB,HDFC Bank Limited Common Stock
HE,"Hawaiian Electric Industries, Inc. Common Stock"
HEI,Heico Corporation Common Stock
HEI-A,Heico Corporation Common Stock
HGLB,Highland Global Allocation Fund Common Stock
HGTY,"Hagerty, Inc. Class A Common Stock"
HGV,Hilton Grand Vacations Inc. Common Stock 
HHH,Howard Hughes Holdings Inc. Common Stock
HIG,"The Hartford Insurance Group, Inc. Common Stock"
HII,"Huntington Ingalls Industries, Inc. Common Stock"
HIMS,"Hims & Hers Health, Inc. Class A Common Stock"
HIO,"Western Asset High Income Opportunity Fund, Inc. Common Stock"
HIPO,Hippo Holdings Inc. Common Stock
HIW,"Highwoods Properties, Inc. Common Stock"
HIX,Western Asset High Income Fund II Inc. Common Stock
HL,Hecla Mining Company Common Stock
HLI,"Houlihan Lokey, Inc. Class A Common Stock"
HLIO,"Helios Technologies, Inc. Common Stock"
HLLY,Holley Inc. Common Stock
HLT,Hilton Worldwide Holdings Inc. Common Stock 
HLX,"Helix Energy Solutions Group, Inc. Common Stock"
HMC,"Honda Motor Company, Ltd. Common Stock"
HMN,Horace Mann Educators Corporation Common Stock
HNGE,"Hinge Health, Inc. Class A Common Stock"
HNI,HNI Corporation Common Stock
HOMB,"Home BancShares, Inc. Common Stock"
HOV,"Hovnanian Enterprises, Inc. Class A Common Stock"
HP,"Helmerich & Payne, Inc. Common Stock"
HPE,Hewlett Packard Enterprise Company Common Stock
HPP,"Hudson Pacific Properties, Inc. Common Stock"
HPQ,HP Inc. Common Stock
HR,Healthcare Realty Trust Incorporated Common Stock
HRB,"H&R Block, Inc. Common Stock"
HRI,Herc Holdings Inc. Common Stock 
HRL,Hormel Foods Corporation Common Stock
HRTG,"Heritage Insurance Holdings, Inc. Common Stock"
HSBC,"HSBC Holdings, plc. Common Stock"
HSY,The Hershey Company Common Stock
HTB,"HomeTrust Bancshares, Inc. Common Stock"
HTGC,"Hercules Capital, Inc. Common Stock"
HUBB,Hubbell Inc Common Stock
HUBS,"HubSpot, Inc. Common Stock"
HUM,Humana Inc. Common Stock
HUN,Huntsman Corporation Common Stock
HVT,"Haverty Furniture Companies, Inc. Common Stock"
HVT-A,"Haverty Furniture Companies, Inc. Common Stock"
HWM,Howmet Aerospace Inc. Common Stock
HXL,Hexcel Corporation Common Stock
HYI,Western Asset High Yield Opportunity Fund Inc. Common Stock
HYT,"Blackrock Corporate High Yield Fund, Inc. Common Stock"
HZO,"MarineMax, Inc.  (FL) Common Stock"
IBM,International Business Machines Corporation Common Stock
IBN,ICICI Bank Limited Common Stock
IBP,"Installed Building Products, Inc. Common Stock"
IBTA,"Ibotta, Inc. Class A Common Stock"
ICE,Intercontinental Exchange Inc. Common Stock
IDA,"IDACORP, Inc. Common Stock"
IDT,IDT Corporation Class B Common Stock
IEX,IDEX Corporation Common Stock
IFF,"International Flavors & Fragrances, Inc. Common Stock"
IFN,"Aberdeen India Fund, Inc. Common Stock"
IGI,Western Asset Investment Grade Opportunity Trust Inc. Common Stock
IIF,"Morgan Stanley India Investment Fund, Inc. Common Stock"
IIIN,"Insteel Industries, Inc. Common Stock"
IIM,Invesco Value Municipal Income Trust Common Stock
IIPR,"Innovative Industrial Properties, Inc. Common Stock"
IMAX,Imax Corporation Common Stock
INFQ,"Infleqtion, Inc. Common Stock"
ING,"ING Group, N.V. Common Stock"
INGM,Ingram Micro Holding Corporation Common Stock
INGR,Ingredion Incorporated Common Stock
INN,"Summit Hotel Properties, Inc. Common Stock"
INR,"Infinity Natural Resources, Inc. Class A Common Stock"
INSP,"Inspire Medical Systems, Inc. Common Stock"
INSW,"International Seaways, Inc. Common Stock "
INVH,Invitation Homes Inc. Common Stock
INVX,"Innovex International, Inc. Common Stock"
IONQ,"IonQ, Inc. Common Stock"
IOT,Samsara Inc. Class A Common Stock
IP,International Paper Company Common Stock
IPI,"Intrepid Potash, Inc Common Stock"
IQI,Invesco Quality Municipal Income Trust Common Stock
IQV,"IQVIA Holdings, Inc. Common Stock"
IR,Ingersoll Rand Inc. Common Stock
IRM,Iron Mountain Incorporated (Delaware)Common Stock REIT
IRS,IRSA Inversiones Y Representaciones S.A. Global Depositary Shares (Each representing ten shares of Common Stock)
IRT,"Independence Realty Trust, Inc. Common Stock"
IT,"Gartner, Inc. Common Stock"
ITGR,Integer Holdings Corporation Common Stock
ITT,ITT Inc. Common Stock 
ITW,Illinois Tool Works Inc. Common Stock
IVR,INVESCO MORTGAGE CAPITAL INC Common Stock
IVT,InvenTrust Properties Corp. Common Stock
IVZ,Invesco Ltd Common Stock
J,Jacobs Solutions Inc. Common Stock
JBI,"Janus International Group, Inc. Common Stock"
JBL,Jabil Inc. Common Stock
JBTM,JBT Marel Corporation Common Stock
JEF,Jefferies Financial Group Inc. Common Stock
JFR,Nuveen Floating Rate Income Fund Common Stock
JHI,John Hancock Investors Trust Common Stock
JHS,John Hancock Income Securities Trust Common Stock
JILL,"J. Jill, Inc. Common Stock"
JLL,Jones Lang LaSalle Incorporated Common Stock
JNJ,Johnson & Johnson Common Stock
JOBY,"Joby Aviation, Inc. Common Stock"
JOE,St. Joe Company (The) Common Stock
JOF,Japan Smaller Capitalization Fund Inc Common Stock
JPM,JP Morgan Chase & Co. Common Stock
JXN,Jackson Financial Inc. Class A Common Stock 
KAI,Kadant Inc Common Stock
KBDC,"Kayne Anderson BDC, Inc. Common Stock"
KBH,KB Home Common Stock
KBR,"KBR, Inc. Common Stock"
KD,"Kyndryl Holdings, Inc. Common Stock"
KEP,Korea Electric Power Corporation Common Stock
KEX,Kirby Corporation Common Stock
KEY,KeyCorp Common Stock
KEYS,Keysight Technologies Inc. Common Stock
KF,"Korea Fund, Inc. (The) New Common Stock"
KFRC,"Kforce, Inc. Common Stock"
KFY,Korn Ferry Common Stock
KGC,Kinross Gold Corporation Common Stock
KGS,"Kodiak Gas Services, Inc. Common Stock"
KIM,Kimco Realty Corporation (HC) Common Stock
KKR,KKR & Co. Inc. Common Stock
KLC,"KinderCare Learning Companies, Inc. Common Stock"
KMI,"Kinder Morgan, Inc. Common Stock"
KMT,Kennametal Inc. Common Stock
KN,Knowles Corporation Common Stock
KNF,Knife Riv Holding Co. Common Stock
KNSL,"Kinsale Capital Group, Inc. Common Stock"
KNTK,Kinetik Holdings Inc. Class A Common Stock
KOP,Koppers Holdings Inc. Common Stock
KORE,"KORE Group Holdings, Inc. Common Stock"
KR,Kroger Company (The) Common Stock
KRC,Kilroy Realty Corporation Common Stock
KREF,KKR Real Estate Finance Trust Inc. Common Stock
KRG,Kite Realty Group Trust Common Stock
KRMN,Karman Holdings Inc. Common Stock
KRO,Kronos Worldwide Inc Common Stock
KSS,Kohl's Corporation Common Stock
KT,KT Corporation Common Stock
KTB,"Kontoor Brands, Inc. Common Stock "
KVUE,Kenvue Inc. Common Stock
KVYO,"Klaviyo, Inc. Series A Common Stock"
KWR,Quaker Houghton Common Stock
KWY,Kingsway Corporation Common Stock
L,Loews Corporation Common Stock
LAD,"Lithia Motors, Inc. Common Stock"
LADR,Ladder Capital Corp Class A Common Stock
LAW,"CS Disco, Inc. Common Stock"
LAZ,"Lazard, Inc. Common Stock"
LBRT,Liberty Energy Inc. Class A common stock
LC,LendingClub Corporation Common Stock
LCLN,"Lincoln International, Inc. Class A Common Stock"
LDI,"loanDepot, Inc. Class A Common Stock"
LDOS,"Leidos Holdings, Inc. Common Stock"
LEA,Lear Corporation Common Stock
LEG,"Leggett & Platt, Incorporated Common Stock"
LEN,Lennar Corporation Class A Common Stock
LEO,"BNY Mellon Strategic Municipals, Inc. Common Stock"
LEU,Centrus Energy Corp. Class A Common Stock
LEVI,Levi Strauss & Co Class A Common Stock
LFT,"Lument Finance Trust, Inc. Common Stock"
LGI,Lazard Global Total Return and Income Fund Common Stock
LH,Labcorp Holdings Inc. Common Stock
LHX,"L3Harris Technologies, Inc. Common Stock"
LII,"Lennox International, Inc. Common Stock"
LLY,Eli Lilly and Company Common Stock
LMND,"Lemonade, Inc. Common Stock"
LMT,Lockheed Martin Corporation Common Stock
LNC,Lincoln National Corporation Common Stock
LNG,"Cheniere Energy, Inc. Common Stock"
LNN,Lindsay Corporation Common Stock
LOAR,Loar Holdings Inc. Common Stock
LOB,"Live Oak Bancshares, Inc. Common Stock"
LOCL,Local Bounti Corporation Common Stock
LOW,"Lowe's Companies, Inc. Common Stock"
LPG,Dorian LPG Ltd. Common Stock
LRN,"Stride, Inc. Common Stock"
LTC,"LTC Properties, Inc. Common Stock"
LTH,"Life Time Group Holdings, Inc. Common Stock"
LTM,"LATAM Airlines Group S.A. American Depositary Shares (each representing two thousand (2,000) shares of Common Stock)"
LUCK,Lucky Strike Entertainment Corporation Class A Common Stock
LUMN,"Lumen Technologies, Inc. Common Stock"
LUV,Southwest Airlines Company Common Stock
LVS,Las Vegas Sands Corp. Common Stock
LVWR,"LiveWire Group, Inc. Common Stock"
LW,"Lamb Weston Holdings, Inc. Common Stock "
LXP,LXP Industrial Trust Common Stock (Maryland REIT)
LXU,"LSB Industries, Inc. Common Stock"
LYV,"Live Nation Entertainment, Inc. Common Stock"
M,Macy's Inc Common Stock
MA,Mastercard Incorporated Common Stock
MAC,Macerich Company (The) Common Stock
MAGN,Magnera Corporation Common Stock
MAIN,Main Street Capital Corporation Common Stock
MAIR,Madison Air Solutions Corporation Class A Common Stock
MAN,ManpowerGroup Common Stock
MANE,"Veradermics, Incorporated Common Stock"
MAS,Masco Corporation Common Stock
MATV,"Mativ Holdings, Inc. Common Stock"
MATX,"Matson, Inc. Common Stock"
MAX,"MediaAlpha, Inc. Class A Common Stock"
MBC,"MasterBrand, Inc. Common Stock"
MBI,MBIA Inc. Common Stock
MC,Moelis & Company Class A Common Stock
MCB,Metropolitan Bank Holding Corp. Common Stock
MCD,McDonald's Corporation Common Stock
MCI,Barings Corporate Investors Common Stock
MCK,McKesson Corporation Common Stock
MCO,Moody's Corporation Common Stock
MCR,MFS Charter Income Trust Common Stock
MCS,Marcus Corporation (The) Common Stock
MCY,Mercury General Corporation Common Stock
MD,"Pediatrix Medical Group, Inc. Common Stock"
MDU,"MDU Resources Group, Inc. Common Stock (Holding Company)"
MDV,"Modiv Industrial, Inc. Class C Common Stock"
MEC,"Mayville Engineering Company, Inc. Common Stock"
MED,MEDIFAST INC Common Stock
MEI,"Methode Electronics, Inc. Common Stock"
MET,"MetLife, Inc. Common Stock"
MFC,Manulife Financial Corporation Common Stock
MFM,MFS Municipal Income Trust Common Stock
MG,Mistras Group Inc Common Stock
MGA,"Magna International, Inc. Common Stock"
MGF,MFS Government Markets Income Trust Common Stock
MGM,MGM Resorts International Common Stock
MGY,Magnolia Oil & Gas Corporation Class A Common Stock
MH,"McGraw Hill, Inc. Common Stock"
MHD,"Blackrock MuniHoldings Fund, Inc. Common Stock"
MHF,"Western Asset Municipal High Income Fund, Inc. Common Stock"
MHK,"Mohawk Industries, Inc. Common Stock"
MHO,"M/I Homes, Inc. Common Stock"
MIAX,"Miami International Holdings, Inc. Common Stock"
MIN,MFS Intermediate Income Trust Common Stock
MIR,"Mirion Technologies, Inc. Class A Common Stock"
MITT,"TPG Mortgage Investment Trust, Inc. Common Stock"
MIY,"Blackrock MuniYield Michigan Quality Fund, Inc. Common Stock"
MKC,"McCormick & Company, Incorporated Common Stock"
MKC-V,"McCormick & Company, Incorporated Common Stock"
MKL,Markel Group Inc. Common Stock
MLI,"Mueller Industries, Inc. Common Stock"
MLM,"Martin Marietta Materials, Inc. Common Stock"
MLP,"Maui Land & Pineapple Company, Inc. Common Stock"
MLR,"Miller Industries, Inc. Common Stock"
MMI,"Marcus & Millichap, Inc. Common Stock"
MMM,3M Company Common Stock
MMS,"Maximus, Inc. Common Stock"
MMT,MFS Multimarket Income Trust Common Stock
MMU,"Western Asset Managed Municipals Fund, Inc. Common Stock"
MNTN,"MNTN, Inc. Class A Common Stock"
MOD,Modine Manufacturing Company Common Stock
MOG-A,Moog Inc. Class A Common Stock
MOG-B,Moog Inc. Class B Common Stock
MOH,Molina Healthcare Inc Common Stock
MOS,Mosaic Company (The) Common Stock
MOV,Movado Group Inc. Common Stock
MP,MP Materials Corp. Common Stock
MPA,Blackrock MuniYield Pennsylvania Quality Fund Common Stock
MPC,Marathon Petroleum Corporation Common Stock
MPT,"Medical Properties Trust, Inc. common stock"
MPV,Barings Participation Investors Common Stock
MQY,"Blackrock MuniYield Quality Fund, Inc. Common Stock"
MRK,"Merck & Company, Inc. Common Stock (new)"
MRP,"Millrose Properties, Inc. Class A Common Stock"
MRSH,Marsh Common Stock
MS,Morgan Stanley Common Stock
MSA,MSA Safety Incorporated Common Stock
MSB,Mesabi Trust Common Stock
MSCI,MSCI Inc. Common Stock
MSD,"Morgan Stanley Emerging Markets Debt Fund, Inc. Common Stock"
MSDL,Morgan Stanley Direct Lending Fund Common Stock
MSGE,Madison Square Garden Entertainment Corp. Class A Common Stock
MSGS,Madison Square Garden Sports Corp. Class A Common Stock (New)
MSI,"Motorola Solutions, Inc. Common Stock"
MSIF,"MSC Income Fund, Inc. Common Stock"
MSM,"MSC Industrial Direct Company, Inc. Common Stock"
MTB,M&T Bank Corporation Common Stock
MTDR,Matador Resources Company Common Stock
MTG,MGIC Investment Corporation Common Stock
MTH,Meritage Homes Corporation Common Stock
MTN,"Vail Resorts, Inc. Common Stock"
MTR,Mesa Royalty Trust Common Stock
MTW,"Manitowoc Company, Inc. (The) Common Stock"
MTX,Minerals Technologies Inc. Common Stock
MTZ,"MasTec, Inc. Common Stock"
MUA,"Blackrock MuniAssets Fund, Inc Common Stock"
MUC,"Blackrock MuniHoldings California Quality Fund, Inc.  Common Stock"
MUFG,"Mitsubishi UFJ Financial Group, Inc. Common Stock"
MUJ,"Blackrock MuniHoldings New Jersey Quality Fund, Inc. Common Stock"
MUR,Murphy Oil Corporation Common Stock
MUSA,Murphy USA Inc. Common Stock
MUX,McEwen Inc. Common Stock
MWA,MUELLER WATER PRODUCTS Common Stock
MX,Magnachip Semiconductor Corporation Common Stock
MXE,"Mexico Equity and Income Fund, Inc. (The) Common Stock"
MXF,"Mexico Fund, Inc. (The) Common Stock"
MYE,"Myers Industries, Inc. Common Stock"
MYI,"Blackrock MuniYield Quality Fund III, Inc Common Stock"
MYN,"Blackrock MuniYield New York Quality Fund, Inc.Common Stock"
NAD,Nuveen Quality Municipal Income Fund Common Stock
NAN,Nuveen New York Quality Municipal Income Fund Common Stock
NAT,Nordic American Tankers Limited Common Stock
NATL,NCR Atleos Corporation Common Stock
NAZ,Nuveen Arizona Quality Municipal Income Fund Common Stock
NBHC,National Bank Holdings Corporation Common Stock
NBXG,Neuberger Next Generation Connectivity Fund Inc. Common Stock
NC,"NACCO Industries, Inc. Common Stock"
NCDL,Nuveen Churchill Direct Lending Corp. Common Stock
NEE,"NextEra Energy, Inc. Common Stock"
NET,"Cloudflare, Inc. Class A Common Stock"
NEU,NewMarket Corp Common Stock
NFG,National Fuel Gas Company Common Stock
NGS,"Natural Gas Services Group, Inc. Common Stock"
NGVC,"Natural Grocers by Vitamin Cottage, Inc. Common Stock"
NGVT,Ingevity Corporation Common Stock 
NHI,"National Health Investors, Inc. Common Stock"
NI,NiSource Inc Common Stock
NIC,Nicolet Bankshares Inc. Common Stock
NIM,Nuveen Select Maturities Municipal Fund Common Stock
NJR,NewJersey Resources Corporation Common Stock
NKE,"Nike, Inc. Common Stock"
NL,"NLI Holdings, Inc. Common Stock"
NLY,Annaly Capital Management Inc. Common Stock
NMAX,"Newsmax, Inc. Class B Common Stock"
NMI,"Nuveen Municipal Income Fund, Inc. Common Stock"
NMT,Nuveen Massachusetts Quality Municipal Income Fund Common Stock
NMZ,"Nuveen Municipal High Income Opportunity Fund Common Stock, $0.01 par value, per share"
NNI,"Nelnet, Inc. Common Stock"
NNN,"NNN REIT, Inc. Common Stock"
NNY,Nuveen New York Municipal Value Fund Common Stock
NOC,Northrop Grumman Corporation Common Stock
NOG,"Northern Oil and Gas, Inc. Common Stock"
NOV,NOV Inc. Common Stock
NOW,"ServiceNow, Inc. Common Stock"
NP,Neptune Insurance Holdings Inc. Class A Common Stock
NPB,"Northpointe Bancshares, Inc. Common Stock"
NPK,"National Presto Industries, Inc. Common Stock"
NPKI,NPK International Inc. Common Stock
NPO,Enpro Inc. Common Stock
NPV,Nuveen Virginia Quality Municipal Income Fund Common Stock
NPWR,NET Power Inc. Class A Common Stock
NRDY,Nerdy Inc. Class A Common Stock
NREF,"NexPoint Real Estate Finance, Inc. Common Stock"
NRG,"NRG Energy, Inc. Common Stock"
NRGV,"Energy Vault Holdings, Inc. Common Stock"
NRT,North European Oil Royality Trust Common Stock
NSC,Norfolk Southern Corporation Common Stock
NSP,"Insperity, Inc. Common Stock"
NTST,NetSTREIT Corp. Common Stock
NUE,Nucor Corporation Common Stock
NUS,"Nu Skin Enterprises, Inc. Common Stock"
NUV,"Nuveen Municipal Value Fund, Inc. Common Stock"
NUVB,Nuvation Bio Inc. Class A Common Stock
NVO,Novo Nordisk A/S Common Stock
NVR,"NVR, Inc. Common Stock"
NVRI,Enviri Corporation Common Stock
NVS,Novartis AG Common Stock
NVST,Envista Holdings Corporation Common Stock
NWAX,New America Acquisition I Corp. Class A Common Stock
NWN,Northwest Natural Holding Company Common Stock
NX,Quanex Building Products Corporation Common Stock
NXDR,"Nextdoor Holdings, Inc. Class A Common Stock"
NXDT,NexPoint Diversified Real Estate Trust Common Stock
NXP,Nuveen Select Tax Free Income Portfolio Common Stock
NXRT,"NexPoint Residential Trust, Inc. Common Stock"
NYC,American Strategic Investment Co. Class A Common Stock
NYT,New York Times Company (The) Common Stock
O,Realty Income Corporation Common Stock
OBDC,Blue Owl Capital Corporation Common Stock
OBK,"Origin Bancorp, Inc. Common Stock"
OC,Owens Corning Inc Common Stock New
OFG,OFG Bancorp Common Stock
OFRM,"Once Upon a Farm, PBC Common Stock"
OGE,OGE Energy Corp Common Stock
OGN,Organon & Co. Common Stock 
OGS,"ONE Gas, Inc. Common Stock"
OHI,"Omega Healthcare Investors, Inc. Common Stock"
OIA,Invesco Municipal Income Opportunities Trust Common Stock
OII,"Oceaneering International, Inc. Common Stock"
OIS,"Oil States International, Inc. Common Stock"
OKE,"ONEOK, Inc. Common Stock"
OKLO,Oklo Inc. Class A common stock
OLN,Olin Corporation Common Stock
OLP,"One Liberty Properties, Inc. Common Stock"
OMC,Omnicom Group Inc. Common Stock
OMF,"OneMain Holdings, Inc. Common Stock"
ONIT,Onity Group Inc. Common Stock
ONL,Orion Properties Inc. Common Stock
ONT,"Onterris, Inc. Common Stock"
ONTO,Onto Innovation Inc. Common Stock
OOMA,"Ooma, Inc. Common Stock"
OPAD,Offerpad Solutions Inc. Class A Common Stock
OPFI,OppFi Inc. Class A Common Stock
OPLN,"OPENLANE, Inc. Common Stock"
OPP,"RiverNorth/DoubleLine Strategic Opportunity Fund, Inc. Common Stock"
OPTU,"Optimum Communications, Inc. Class A common stock"
OPY,"Oppenheimer Holdings, Inc. Class A Common Stock (DE)"
ORA,"Ormat Technologies, Inc. Common Stock"
ORC,"Orchid Island Capital, Inc. Common Stock"
ORCL,Oracle Corporation Common Stock
ORI,Old Republic International Corporation Common Stock
OSCR,"Oscar Health, Inc. Class A Common Stock"
OSG,"Octave Specialty Group, Inc. Common Stock"
OSK,Oshkosh Corporation (Holding Company)Common Stock
OTF,Blue Owl Technology Finance Corp. Common Stock
OTIS,Otis Worldwide Corporation Common Stock 
OUT,OUTFRONT Media Inc. Common Stock
OWL,Blue Owl Capital Inc. Class A Common Stock
OWLT,"Owlet, Inc. Class A Common Stock"
OXM,"Oxford Industries, Inc. Common Stock"
OXY,Occidental Petroleum Corporation Common Stock
P,"Everpure, Inc. Class A common stock"
PAAS,Pan American Silver Corp. Common Stock
PACK,Ranpak Holdings Corp Class A Common Stock
PACS,"PACS Group, Inc. Common Stock"
PAG,"Penske Automotive Group, Inc. Common Stock"
PAR,PAR Technology Corporation Common Stock
PARR,"Par Pacific Holdings, Inc.  Common Stock"
PATH,"UiPath, Inc. Class A Common Stock"
PAY,"Paymentus Holdings, Inc. Class A Common Stock"
PAYC,"Paycom Software, Inc. Common Stock"
PB,"Prosperity Bancshares, Inc. Common Stock"
PBF,PBF Energy Inc. Class A Common Stock
PBH,Prestige Consumer Healthcare Inc. Common Stock
PBI,Pitney Bowes Inc. Common Stock
PBT,Permian Basin Royalty Trust Common Stock
PCF,High Income Securities Fund Common Stock
PCG,Pacific Gas & Electric Co. Common Stock
PCM,"PCM Fund, Inc. Common Stock"
PCN,Pimco Corporate & Income Strategy Fund Common Stock
PCOR,"Procore Technologies, Inc. Common Stock"
PCQ,PIMCO California Municipal Income Fund Common Stock
PD,"PagerDuty, Inc. Common Stock"
PDCC,Pearl Diver Credit Company Inc. Common Stock
PDI,PIMCO Dynamic Income Fund Common Stock
PDM,"Piedmont Realty Trust, Inc. Class A Common Stock"
PDS,Precision Drilling Corporation Common Stock
PEG,Public Service Enterprise Group Incorporated Common Stock
PEN,"Penumbra, Inc. Common Stock"
PEO,"Adams Natural Resources Fund, Inc. Common Stock"
PEW,GrabAGun Digital Holdings Inc. Common Stock
PFE,"Pfizer, Inc. Common Stock"
PFGC,Performance Food Group Company Common Stock
PFLT,PennantPark Floating Rate Capital Ltd. Common Stock
PFS,"Provident Financial Services, Inc Common Stock"
PFSI,"PennyMac Financial Services, Inc. Common Stock"
PG,Procter & Gamble Company (The) Common Stock
PGR,Progressive Corporation (The) Common Stock
PHIN,PHINIA Inc. Common Stock
PHM,"PulteGroup, Inc. Common Stock"
PHR,"Phreesia, Inc. Common Stock"
PII,Polaris Inc. Common Stock
PIM,Putnam Master Intermediate Income Trust Common Stock
PINE,"Alpine Income Property Trust, Inc. Common Stock"
PINS,"Pinterest, Inc. Class A Common Stock"
PIPR,Piper Sandler Companies Common Stock
PJT,PJT Partners Inc. Class A Common Stock
PK,Park Hotels & Resorts Inc. Common Stock 
PKE,Park Aerospace Corp. Common Stock
PKG,Packaging Corporation of America Common Stock
PKX,POSCO HOLDINGS INC. American Depositary Shares (Each representing 1/4th of a share of Common Stock)
PL,Planet Labs PBC Class A Common Stock
PLD,"Prologis, Inc. Common Stock"
PLNT,"Planet Fitness, Inc. Common Stock"
PLOW,"Douglas Dynamics, Inc. Common Stock"
PM,Philip Morris International Inc Common Stock
PMM,Putnam Managed Municipal Income Trust Common Stock
PMO,Putnam Municipal Opportunities Trust Common Stock
PNC,"PNC Financial Services Group, Inc. (The) Common Stock"
PNFP,"Pinnacle Financial Partners, Inc. Common stock"
PNNT,PennantPark Investment Corporation Common Stock
PNW,Pinnacle West Capital Corporation Common Stock
POR,Portland General Electric Co Common Stock
POST,"Post Holdings, Inc. Common Stock"
PPG,"PPG Industries, Inc. Common Stock"
PPL,PPL Corporation Common Stock
PPT,Putnam Premier Income Trust Common Stock
PR,Permian Resources Corporation Class A Common Stock
PRA,ProAssurance Corporation Common Stock
PRG,"PROG Holdings, Inc. Common Stock"
PRI,"Primerica, Inc. Common Stock"
PRIM,Primoris Services Corporation Common Stock
PRKS,United Parks & Resorts Inc. Common Stock
PRLB,"Proto Labs, Inc. Common stock"
PRM,"Perimeter Solutions, SA Common Stock"
PRMB,Primo Brands Corporation Class A Common Stock
PRSU,"Pursuit Attractions and Hospitality, Inc. Common Stock"
PRU,"Prudential Financial, Inc. Common Stock"
PS,Pershing Square Inc. Common Stock
PSA,Public Storage Common Stock
PSBD,Palmer Square Capital BDC Inc. Common Stock
PSN,Parsons Corporation Common Stock
PSO,"Pearson, Plc Common Stock"
PSQH,"PSQ Holdings, Inc. Class A Common Stock"
PSTL,"Postal Realty Trust, Inc. Class A Common Stock"
PSX,Phillips 66 Common Stock
PUK,Prudential Public Limited Company Common Stock
PUMP,ProPetro Holding Corp. Common Stock
PVH,PVH Corp. Common Stock
PWR,"Quanta Services, Inc. Common Stock"
PXED,"Phoenix Education Partners, Inc. Common Stock"
Q,"Qnity Electronics, Inc. Common Stock"
QTWO,"Q2 Holdings, Inc. Common Stock"
QUAD,"Quad Graphics, Inc Class A Common Stock"
QXO,"QXO, Inc. Common Stock"
R,"Ryder System, Inc. Common Stock"
RA,Brookfield Real Assets Income Fund Inc. Common Stock
RAL,Ralliant Corporation Common Stock
RAMP,"LiveRamp Holdings, Inc. Common Stock"
RBA,"RB Global, Inc. Common Stock"
RBC,RBC Bearings Incorporated Common Stock
RBLX,Roblox Corporation Class A Common Stock
RBRK,"Rubrik, Inc. Class A Common Stock"
RC,Ready Capital Corporation Common Stock
RCI,"Rogers Communication, Inc. Common Stock"
RCL,Royal Caribbean Cruises Ltd. Common Stock
RCUS,"Arcus Biosciences, Inc. Common Stock"
RDDT,"Reddit, Inc. Class A Common Stock"
RDN,Radian Group Inc. Common Stock
RDW,Redwire Corporation Common Stock
RDY,Dr. Reddy's Laboratories Ltd Common Stock
RES,"RPC, Inc. Common Stock"
REXR,"Rexford Industrial Realty, Inc. Common Stock"
REZI,"Resideo Technologies, Inc. Common Stock "
RF,Regions Financial Corporation Common Stock
RFI,"Cohen & Steers Total Return Realty Fund, Inc. Common Stock"
RFL,"Rafael Holdings, Inc. Class B Common Stock"
RFM,"RiverNorth Flexible Municipal Income Fund, Inc. Common Stock"
RFMZ,"RiverNorth Flexible Municipal Income Fund II, Inc. Common Stock"
RGA,"Reinsurance Group of America, Incorporated Common Stock"
RGR,"Sturm, Ruger & Company, Inc. Common Stock"
RGT,"Royce Global Trust, Inc. Common Stock"
RH,RH Common Stock
RHI,Robert Half Inc. Common Stock
RHLD,Resolute Holdings Management Common Stock 
RIG,Transocean Ltd (Switzerland) Common Stock
RIO,Rio Tinto Plc Common Stock
RITM,Rithm Capital Corp. Common Stock
RIV,"RiverNorth Opportunities Fund, Inc. Common Stock"
RJF,"Raymond James Financial, Inc. Common Stock"
RKT,"Rocket Companies, Inc. Class A Common Stock"
RL,Ralph Lauren Corporation Common Stock
RLI,RLI Corp. Common Stock (DE)
RM,Regional Management Corp. Common Stock
RMAX,"RE/MAX Holdings, Inc. Class A Common Stock"
RMD,ResMed Inc. Common Stock
RMI,"RiverNorth Opportunistic Municipal Income Fund, Inc. Common Stock"
RMM,"RiverNorth Managed Duration Municipal Income Fund, Inc. Common Stock"
RMMZ,"RiverNorth Managed Duration Municipal Income Fund II, Inc. Common Stock"
RNG,"RingCentral, Inc. Class A Common Stock"
RNGR,"Ranger Energy Services, Inc. Class A Common Stock"
RNR,RenaissanceRe Holdings Ltd. Common Stock
RNST,Renasant Corporation Common Stock
ROG,Rogers Corporation Common Stock
ROK,"Rockwell Automation, Inc. Common Stock"
ROL,"Rollins, Inc. Common Stock"
RPC,"Ridgepost Capital, Inc. Class A Common Stock"
RPM,RPM International Inc. Common Stock
RPT,Rithm Property Trust Inc. Common stock
RRC,Range Resources Corporation Common Stock
RRX,Regal Rexnord Corporation Common Stock
RS,"Reliance, Inc. Common Stock"
RSF,RiverNorth Capital and Income Fund Common Stock
RSG,"Republic Services, Inc. Common Stock"
RSI,"Rush Street Interactive, Inc. Class A Common Stock"
RTX,RTX Corporation Common Stock
RVLV,"Revolve Group, Inc. Class A Common Stock"
RVTY,"Revvity, Inc. Common Stock"
RWT,"Redwood Trust, Inc. Common Stock"
RXO,"RXO, Inc. Common Stock"
RY,Royal Bank Of Canada Common Stock
RYAM,Rayonier Advanced Materials Inc. Common Stock
RYAN,"Ryan Specialty Holdings, Inc. Class A Common Stock"
RYN,Rayonier Inc. REIT Common Stock
RYZ,Ryerson Holding Corporation Common Stock
S,"SentinelOne, Inc. Class A Common Stock"
SAFE,Safehold Inc. New Common Stock 
SAH,"Sonic Automotive, Inc. Common Stock"
SAM,"Boston Beer Company, Inc. (The) Common Stock"
SARO,"StandardAero, Inc. Common Stock"
SB,"Safe Bulkers, Inc Common Stock ($0.001 par value)"
SBH,"Sally Beauty Holdings, Inc. (Name to be changed from Sally Holdings, Inc.) Common Stock"
SBI,Western Asset Intermediate Muni Fund Inc Common Stock
SBR,Sabine Royalty Trust Common Stock
SBSI,"Southside Bancshares, Inc. Common Stock"
SCCO,Southern Copper Corporation Common Stock
SCD,LMP Capital and Income Fund Inc. Common Stock
SCHW,Charles Schwab Corporation (The) Common Stock
SCI,Service Corporation International Common Stock
SCL,Stepan Company Common Stock
SCM,Stellus Capital Investment Corporation Common Stock
SD,"SandRidge Energy, Inc. Common Stock"
SDHC,Smith Douglas Homes Corp. Class A Common Stock
SEG,Seaport Entertainment Group Inc. Common Stock
SEI,"Solaris Energy Infrastructure, Inc. Class A Common Stock"
SEM,Select Medical Holdings Corporation Common Stock
SES,SES AI Corporation Class A Common Stock
SF,Stifel Financial Corporation Common Stock
SFBS,"ServisFirst Bancshares, Inc. Common Stock"
SG,"Sweetgreen, Inc. Class A Common Stock"
SGI,Somnigroup International Inc. Common Stock
SGU,Star Group L.P. Common Stock
SHAK,"Shake Shack, Inc. Class A Common Stock"
SI,"Shoulder Innovations, Inc. Common Stock"
SID,Companhia Siderurgica Nacional S.A. Common Stock
SILA,"Sila Realty Trust, Inc. Common Stock"
SITC,SITE Centers Corp. Common Stock
SITE,"SiteOne Landscape Supply, Inc. Common Stock"
SJM,The J.M. Smucker Company Common Stock
SJT,San Juan Basin Royalty Trust Common Stock
SKIL,Skillsoft Corp. Class A Common Stock
SKLZ,Skillz Inc. Class A Common Stock
SKM,"SK Telecom Co., Ltd. Common Stock"
SKT,Tanger Inc. Common Stock
SKY,"Champion Homes, Inc. Common Stock"
SKYH,Sky Harbour Group Corporation Class A Common Stock
SLF,Sun Life Financial Inc. Common Stock
SLG,SL Green Realty Corp Common Stock
SLGN,Silgan Holdings Inc. Common Stock
SLQT,"SelectQuote, Inc. Common Stock"
SLVM,Sylvamo Corporation Common Stock
SM,SM Energy Company Common Stock
SMA,"SmartStop Self Storage REIT, Inc. Common Stock"
SMBK,"SmartFinancial, Inc. Common Stock"
SMC,Summit Midstream Corporation Common Stock
SMHI,SEACOR Marine Holdings Inc. Common Stock 
SMP,"Standard Motor Products, Inc. Common Stock"
SMR,NuScale Power Corporation Class A Common Stock
SMRT,"SmartRent, Inc. Class A Common Stock"
SNAP,Snap Inc. Class A Common Stock
SNDA,"Sonida Senior Living, Inc. Common Stock"
SNDR,"Schneider National, Inc. Common Stock"
SNN,"Smith & Nephew SNATS, Inc. Common Stock"
SNOW,Snowflake Inc. Common Stock
SNX,TD SYNNEX Corporation Common Stock
SO,Southern Company (The) Common Stock
SOC,Sable Offshore Corp. Common Stock
SOLV,Solventum Corporation Common Stock
SON,Sonoco Products Company Common Stock
SPB,"Spectrum Brands Holdings, Inc. Common Stock"
SPCE,"Virgin Galactic Holdings, Inc. Common Stock"
SPE,"Special Opportunities Fund, Inc Common Stock"
SPG,"Simon Property Group, Inc. Common Stock"
SPGI,S&P Global Inc. Common Stock
SPH,"Suburban Propane Partners, L.P. Common Stock"
SPHR,Sphere Entertainment Co. Class A Common Stock
SPIR,"Spire Global, Inc. Class A Common Stock"
SPMC,"Sound Point Meridian Capital, Inc. Common Stock"
SPRU,Spruce Power Holding Corporation Class A Common Stock
SPXC,"SPX Technologies, Inc. Common Stock"
SQM,Sociedad Quimica y Minera S.A. Common Stock
SR,Spire Inc. Common Stock
SRE,DBA Sempra Common Stock
SRFM,Surf Air Mobility Inc. Common Stock
SRG,Seritage Growth Properties Class A Common Stock
SRI,"Stoneridge, Inc. Common Stock"
SSB,SouthState Bank Corporation Common Stock
SSD,"Simpson Manufacturing Company, Inc. Common Stock"
SST,"System1, Inc. Class A Common Stock"
SSTK,"Shutterstock, Inc. Common Stock"
STAG,"Stag Industrial, Inc. Common Stock"
STC,Stewart Information Services Corporation Common Stock
STEL,"Stellar Bancorp, Inc. Common Stock"
STEM,"Stem, Inc. Class A Common Stock"
STEW,"SRH Total Return Fund, Inc. Common Stock"
STM,STMicroelectronics N.V. Common Stock
STN,Stantec Inc Common Stock
STT,State Street Corporation Common Stock
STUB,"StubHub Holdings, Inc. Class A Common Stock"
STZ,"Constellation Brands, Inc. Common Stock"
SU,Suncor Energy  Inc. Common Stock
SUI,"Sun Communities, Inc. Common Stock"
SUNB,"Sunbelt Rentals Holdings, Inc. Common Stock"
SVV,"Savers Value Village, Inc. Common Stock"
SWK,"Stanley Black & Decker, Inc. Common Stock"
SWX,"Southwest Gas Holdings, Inc. Common Stock (DE)"
SWZ,Total Return Securities Fund Common Stock
SXC,"SunCoke Energy, Inc. Common Stock"
SXI,Standex International Corporation Common Stock
SXT,Sensient Technologies Corporation Common Stock
SYF,Synchrony Financial Common Stock
SYK,Stryker Corporation Common Stock
SYY,Sysco Corporation Common Stock
TAK,Takeda Pharmaceutical Company Limited American Depositary Shares (each representing 1/2 of a share of Common Stock)
TALO,"Talos Energy, Inc. Common Stock"
TAP,Molson Coors Beverage Company Class B Common Stock
TAP-A,Molson Coors Beverage Company Class A Common Stock
TBI,"TrueBlue, Inc. Common Stock"
TBN,Tamboran Resources Corporation Common stock
TCBX,"Third Coast Bancshares, Inc. Common Stock"
TCI,"Transcontinental Realty Investors, Inc. Common Stock"
TD,Toronto Dominion Bank (The) Common Stock
TDAY,"USA TODAY Co., Inc. Common Stock"
TDC,Teradata Corporation Common Stock
TDF,"Templeton Dragon Fund, Inc. Common Stock"
TDG,Transdigm Group Incorporated Common Stock
TDOC,"Teladoc Health, Inc. Common Stock"
TDW,Tidewater Inc. Common Stock
TDY,Teledyne Technologies Incorporated Common Stock
TE,T1 Energy Inc. Common Stock
TEI,"Templeton Emerging Markets Income Fund, Inc. Common Stock"
TEX,Terex Corporation Common Stock
TFC,Truist Financial Corporation Common Stock
TFIN,"Triumph Financial, Inc. Common Stock"
TFX,Teleflex Incorporated Common Stock
TG,Tredegar Corporation Common Stock
TGS,Transportadora de Gas del Sur SA TGS Common Stock
TGT,Target Corporation Common Stock
THC,Tenet Healthcare Corporation Common Stock
THO,"Thor Industries, Inc. Common Stock"
TIC,"TIC Solutions, Inc. Common Stock"
TISI,"Team, Inc. Common Stock"
TJX,"TJX Companies, Inc. (The) Common Stock"
TK,Teekay Corporation Ltd. Common Stock
TKC,Turkcell Iletisim Hizmetleri AS Common Stock
TKO,"TKO Group Holdings, Inc. Class A Common Stock"
TKR,Timken Company (The) Common Stock
TLYS,"Tilly's, Inc. Common Stock"
TM,Toyota Motor Corporation Common Stock
TMHC,Taylor Morrison Home Corporation Common Stock
TMO,Thermo Fisher Scientific Inc Common Stock
TNC,Tennant Company Common Stock
TNET,"TriNet Group, Inc. Common Stock"
TOL,"Toll Brothers, Inc. Common Stock"
TOST,"Toast, Inc. Class A Common Stock"
TPB,"Turning Point Brands, Inc. Common Stock"
TPC,Tutor Perini Corporation Common Stock
TPL,Texas Pacific Land Corporation Common Stock
TPR,"Tapestry, Inc. Common Stock"
TPVG,TriplePoint Venture Growth BDC Corp. Common Stock
TR,"Tootsie Roll Industries, Inc. Common Stock"
TRAK,"ReposiTrak, Inc. Common Stock"
TRC,Tejon Ranch Co Common Stock
TREX,"Trex Company, Inc. Common Stock"
TRGP,"Targa Resources, Inc. Common Stock"
TRN,"Trinity Industries, Inc. Common Stock"
TRNO,Terreno Realty Corporation Common Stock
TRP,TC Energy Corporation Common Stock
TRTX,"TPG RE Finance Trust, Inc. Common Stock"
TRU,TransUnion Common Stock
TRV,"The Travelers Companies, Inc. Common Stock"
TSI,"TCW Strategic Income Fund, Inc. Common Stock"
TSLX,"Sixth Street Specialty Lending, Inc. Common Stock"
TSN,"Tyson Foods, Inc. Common Stock"
TSQ,"Townsquare Media, Inc. Class A Common Stock"
TTC,Toro Company (The) Common Stock
TTI,"Tetra Technologies, Inc. Common Stock"
TV,Grupo Televisa S.A.B. Common Stock
TVC,Tennessee Valley Authority Common Stock
TWI,"Titan International, Inc. (DE) Common Stock"
TWLO,Twilio Inc. Class A Common Stock
TWN,"Taiwan Fund, Inc. (The) Common Stock"
TXNM,"TXNM Energy, Inc. Common Stock"
TXT,Textron Inc. Common Stock
TY,Tri Continental Corporation Common Stock
TYG,Tortoise Energy Infrastructure Corporation Common Stock
TYL,"Tyler Technologies, Inc. Common Stock"
U,Unity Software Inc. Common Stock
UA,"Under Armour, Inc. Class C Common Stock"
UAA,"Under Armour, Inc. Class A Common Stock"
UAMY,United States Antimony Corporation Common Stock
UBER,"Uber Technologies, Inc. Common Stock"
UCB,"United Community Banks, Inc. Common Stock"
UDR,"UDR, Inc. Common Stock"
UFI,"Unifi, Inc. New Common Stock"
UGI,UGI Corporation Common Stock
UHS,"Universal Health Services, Inc. Common Stock"
UHT,Universal Health Realty Income Trust Common Stock
UI,Ubiquiti Inc. Common Stock
UIS,Unisys Corporation New Common Stock
ULS,UL Solutions Inc. Class A Common Stock
UMC,United Microelectronics Corporation (NEW) Common Stock
UMH,"UMH Properties, Inc. Common Stock"
UNF,Unifirst Corporation Common Stock
UNFI,"United Natural Foods, Inc. Common Stock"
UNH,UnitedHealth Group Incorporated Common Stock (DE)
UNM,Unum Group Common Stock
UNP,Union Pacific Corporation Common Stock
UP,Wheels Up Experience Inc. Class A Common Stock
UPS,"United Parcel Service, Inc. Common Stock"
URI,"United Rentals, Inc. Common Stock"
USB,U.S. Bancorp Common Stock
USFD,US Foods Holding Corp. Common Stock
USNA,"USANA Health Sciences, Inc. Common Stock"
USPH,"U.S. Physical Therapy, Inc. Common Stock"
UTF,"Cohen & Steers Infrastructure Fund, Inc Common Stock"
UTI,Universal Technical Institute Inc Common Stock
UTL,UNITIL Corporation Common Stock
UTZ,Utz Brands Inc Class A Common Stock 
UVE,UNIVERSAL INSURANCE HOLDINGS INC Common Stock
UVV,Universal Corporation Common Stock
UWMC,UWM Holdings Corporation Class A Common Stock
VAC,Marriott Vacations Worldwide Corporation Common Stock
VATE,INNOVATE Corp. Common Stock
VBF,Invesco Bond Fund Common Stock
VCV,Invesco California Value Municipal Income Trust Common Stock
VEEV,Veeva Systems Inc. Class A Common Stock
VEL,"Velocity Financial, Inc. Common Stock"
VFC,V.F. Corporation Common Stock
VG,"Venture Global, Inc. Class A common stock"
VGM,Invesco Trust for Investment Grade Municipals Common Stock (DE)
VHI,"Valhi, Inc. Common Stock"
VIA,"Via Transportation, Inc. Class A Common Stock"
VICI,VICI Properties Inc. Common Stock
VIRT,"Virtu Financial, Inc. Class A Common Stock"
VKQ,Invesco Municipal Trust Common Stock
VLO,Valero Energy Corporation Common Stock
VLTO,Veralto Corp Common Stock 
VMC,Vulcan Materials Company (Holding Company) Common Stock
VMI,"Valmont Industries, Inc. Common Stock"
VMO,Invesco Municipal Opportunity Trust Common Stock
VNO,Vornado Realty Trust Common Stock
VNT,Vontier Corporation Common Stock 
VOYA,"Voya Financial, Inc. Common Stock"
VOYG,"Voyager Technologies, Inc. Class A Common Stock"
VPG,"Vishay Precision Group, Inc. Common Stock"
VPV,Invesco Pennsylvania Value Municipal Income Trust Common Stock (DE)
VRT,"Vertiv Holdings, LLC Class A Common Stock"
VRTS,"Virtus Investment Partners, Inc. Common Stock"
VSH,"Vishay Intertechnology, Inc. Common Stock"
VST,Vistra Corp. Common Stock
VSTS,Vestis Corporation Common Stock
VSXY,Victorias Secret & Co. Common Stock 
VTN,Invesco Trust for Investment Grade New York Municipals Common Stock
VTOL,"Bristow Group, Inc. Common Stock"
VTR,"Ventas, Inc. Common Stock"
VTS,"Vitesse Energy, Inc. Common Stock"
VVR,Invesco Senior Income Trust Common Stock (DE)
VVV,Valvoline Inc. Common Stock
VVX,"V2X, Inc. Common Stock"
VYX,NCR Voyix Corporation Common Stock
VZ,Verizon Communications Inc. Common Stock
W,Wayfair Inc. Class A Common Stock
WAB,Westinghouse Air Brake Technologies Corporation Common Stock
WAL,Western Alliance Bancorporation Common Stock (DE)
WAT,Waters Corporation Common Stock
WBS,Webster Financial Corporation Common Stock
WCC,"WESCO International, Inc. Common Stock"
WD,"Walker & Dunlop, Inc Common Stock"
WEAV,"Weave Communications, Inc. Common Stock"
WEC,"WEC Energy Group, Inc. Common Stock"
WELL,Welltower Inc. Common Stock
WEX,WEX Inc. common stock
WF,Woori Financial Group Inc. American Depositary Shares (each representing three (3) shares of Common Stock)
WFC,Wells Fargo & Company Common Stock
WFG,West Fraser Timber Co. Ltd Common stock
WGO,"Winnebago Industries, Inc. Common Stock"
WH,"Wyndham Hotels & Resorts, Inc. Common Stock "
WHD,"Cactus, Inc. Class A Common Stock"
WHG,Westwood Holdings Group Inc Common Stock
WHR,Whirlpool Corporation Common Stock
WIT,Wipro Limited Common Stock
WK,Workiva Inc. Class A Common Stock
WKC,World Kinect Corporation Common Stock
WLK,Westlake Corporation Common Stock
WLY,"John Wiley & Sons, Inc. Common Stock"
WLYB,"John Wiley & Sons, Inc. Common Stock"
WM,"Waste Management, Inc. Common Stock"
WMB,"Williams Companies, Inc. (The) Common Stock"
WMK,"Weis Markets, Inc. Common Stock"
WMS,"Advanced Drainage Systems, Inc. Common Stock"
WNC,Wabash National Corporation Common Stock
WOLF,"Wolfspeed, Inc. Common Stock New"
WRB,W.R. Berkley Corporation Common Stock
WRBY,Warby Parker Inc. Class A Common Stock
WSO,"Watsco, Inc. Common Stock"
WSO-B,"Watsco, Inc. Class B Common Stock"
WST,"West Pharmaceutical Services, Inc. Common Stock"
WT,"WisdomTree, Inc. Common Stock"
WTI,"W&T Offshore, Inc. Common Stock"
WTM,"White Mountains Insurance Group, Ltd. Common Stock"
WTRG,"Essential Utilities, Inc. Common Stock"
WTS,"Watts Water Technologies, Inc. Class A Common Stock"
WTTR,"Select Water Solutions, Inc. Class A common stock"
WU,Western Union Company (The) Common Stock
WWW,"Wolverine World Wide, Inc. Common Stock"
WY,Weyerhaeuser Company Common Stock
XHR,"Xenia Hotels & Resorts, Inc. Common Stock"
XOM,Exxon Mobil Corporation Common Stock
XPER,Xperi Inc. Common Stock 
XPO,"XPO, Inc. Common Stock"
XPOF,"Xponential Fitness, Inc. Class A Common Stock"
XPRO,Expro Group Holdings N.V. Common Stock
XRN,Chiron Real Estate Inc. Common Stock
XXI,"Twenty One Capital, Inc. Class A Common Stock"
XYL,Xylem Inc. Common Stock New
XYZ,"Block, Inc. Class A Common Stock,"
XZO,"Exzeo Group, Inc. Common Stock"
YELP,Yelp Inc. Common Stock
YETI,"YETI Holdings, Inc. Common Stock"
YEXT,"Yext, Inc. Common Stock"
YOU,"Clear Secure, Inc. Class A Common Stock"
YPF,YPF Sociedad Anonima Common Stock
YSS,York Space Systems Inc. Common Stock
YUMC,"Yum China Holdings, Inc. Common Stock"
ZBH,"Zimmer Biomet Holdings, Inc. Common Stock"
ZETA,Zeta Global Holdings Corp. Class A Common Stock
ZIP,"ZipRecruiter, Inc. Class A Common Stock"
ZTS,Zoetis Inc. Class A Common Stock
ZVIA,Zevia PBC Class A Common Stock
ZWS,Zurn Elkay Water Solutions Corporation Common Stock
